sales_month,revenue_m
2023-01-01,6.44
2023-02-01,5.4
2023-03-01,5.51
2023-04-01,4.96
2023-05-01,4.92
2023-06-01,4.78
2023-07-01,5.46
2023-08-01,6.99
2023-09-01,6.47
2023-10-01,7.17
2023-11-01,7.93
2023-12-01,7.94
2024-01-01,7.04
2024-02-01,6.18
2024-03-01,6.3
2024-04-01,5.25
2024-05-01,5.33
2024-06-01,5.53
2024-07-01,5.97
2024-08-01,8.08
2024-09-01,7.2
2024-10-01,7.99
2024-11-01,8.76
2024-12-01,8.94
2025-01-01,8.01
2025-02-01,6.82
2025-03-01,7.01
2025-04-01,6.08
2025-05-01,6.19
2025-06-01,5.86
2025-07-01,6.62
2025-08-01,8.98
2025-09-01,7.97
2025-10-01,9.05
2025-11-01,9.94
2025-12-01,10.0
