sales_month,product_category,units_sold,revenue
2023-01-01,Apparel,19070.0,796454.44
2023-01-01,Beauty,13557.0,432741.74
2023-01-01,Books,9032.0,134551.97
2023-01-01,Electronics,16946.0,3047945.06
2023-01-01,Groceries,50946.0,432528.62
2023-01-01,Home & Garden,10181.0,655528.27
2023-01-01,Sporting Goods,11944.0,655633.23
2023-01-01,Toys,10023.0,281907.69
2023-02-01,Apparel,15873.0,656145.14
2023-02-01,Beauty,11537.0,365370.5
2023-02-01,Books,7289.0,108329.79
2023-02-01,Electronics,13520.0,2425767.67
2023-02-01,Groceries,44157.0,375035.84
2023-02-01,Home & Garden,11043.0,714506.54
2023-02-01,Sporting Goods,10071.0,554001.04
2023-02-01,Toys,7264.0,205771.95
2023-03-01,Apparel,16152.0,676112.09
2023-03-01,Beauty,11120.0,354906.06
2023-03-01,Books,8429.0,125008.49
2023-03-01,Electronics,12619.0,2286818.69
2023-03-01,Groceries,47669.0,403624.32
2023-03-01,Home & Garden,15643.0,990504.1
2023-03-01,Sporting Goods,9363.0,515004.81
2023-03-01,Toys,5474.0,153429.85
2023-04-01,Apparel,17737.0,736144.71
2023-04-01,Beauty,9243.0,296382.25
2023-04-01,Books,8434.0,124770.47
2023-04-01,Electronics,10310.0,1856376.9
2023-04-01,Groceries,44645.0,376117.99
2023-04-01,Home & Garden,16479.0,1058809.44
2023-04-01,Sporting Goods,7761.0,426337.31
2023-04-01,Toys,3030.0,84474.29
2023-05-01,Apparel,19338.0,817087.53
2023-05-01,Beauty,8290.0,265072.72
2023-05-01,Books,9457.0,141480.65
2023-05-01,Electronics,9714.0,1721255.32
2023-05-01,Groceries,43301.0,367236.98
2023-05-01,Home & Garden,19085.0,1221116.55
2023-05-01,Sporting Goods,6455.0,351298.42
2023-05-01,Toys,1226.0,34166.77
2023-06-01,Apparel,20850.0,868164.14
2023-06-01,Beauty,8341.0,265990.51
2023-06-01,Books,10026.0,148886.43
2023-06-01,Electronics,9479.0,1703944.96
2023-06-01,Groceries,41895.0,352085.83
2023-06-01,Home & Garden,17559.0,1120837.26
2023-06-01,Sporting Goods,5476.0,301637.35
2023-06-01,Toys,624.0,17312.62
2023-07-01,Apparel,25962.0,1087374.53
2023-07-01,Beauty,9371.0,302289.18
2023-07-01,Books,11312.0,170464.33
2023-07-01,Electronics,11893.0,2125728.04
2023-07-01,Groceries,44619.0,376903.61
2023-07-01,Home & Garden,16247.0,1050777.56
2023-07-01,Sporting Goods,5531.0,303990.66
2023-07-01,Toys,1601.0,44535.31
2023-08-01,Apparel,33463.0,1402131.38
2023-08-01,Beauty,11188.0,355090.94
2023-08-01,Books,14818.0,223205.09
2023-08-01,Electronics,18449.0,3267185.93
2023-08-01,Groceries,47075.0,396165.97
2023-08-01,Home & Garden,13437.0,869847.97
2023-08-01,Sporting Goods,6450.0,358817.54
2023-08-01,Toys,4178.0,114749.85
2023-09-01,Apparel,27305.0,1145465.39
2023-09-01,Beauty,12617.0,404430.82
2023-09-01,Books,11695.0,175585.68
2023-09-01,Electronics,17022.0,3099555.33
2023-09-01,Groceries,46452.0,395659.4
2023-09-01,Home & Garden,9892.0,643648.94
2023-09-01,Sporting Goods,7771.0,429132.52
2023-09-01,Toys,6455.0,181035.16
2023-10-01,Apparel,27877.0,1166748.83
2023-10-01,Beauty,14551.0,461473.99
2023-10-01,Books,11788.0,177021.64
2023-10-01,Electronics,20034.0,3594878.81
2023-10-01,Groceries,49430.0,418000.06
2023-10-01,Home & Garden,8262.0,533599.24
2023-10-01,Sporting Goods,9895.0,545523.8
2023-10-01,Toys,9811.0,270248.12
2023-11-01,Apparel,28416.0,1183401.31
2023-11-01,Beauty,16845.0,536486.65
2023-11-01,Books,11417.0,171345.88
2023-11-01,Electronics,22262.0,4049395.49
2023-11-01,Groceries,53961.0,461520.52
2023-11-01,Home & Garden,7904.0,506130.35
2023-11-01,Sporting Goods,12550.0,688953.22
2023-11-01,Toys,11850.0,329643.11
2023-12-01,Apparel,26010.0,1088824.6
2023-12-01,Beauty,17441.0,558679.66
2023-12-01,Books,10353.0,156325.82
2023-12-01,Electronics,22399.0,3984265.21
2023-12-01,Groceries,57992.0,495344.0
2023-12-01,Home & Garden,8547.0,558219.77
2023-12-01,Sporting Goods,13436.0,731447.11
2023-12-01,Toys,13696.0,371466.11
2024-01-01,Apparel,21168.0,877941.54
2024-01-01,Beauty,15654.0,491932.4
2024-01-01,Books,9221.0,136666.07
2024-01-01,Electronics,19537.0,3451002.0
2024-01-01,Groceries,52478.0,442211.46
2024-01-01,Home & Garden,9916.0,637504.83
2024-01-01,Sporting Goods,12795.0,699919.19
2024-01-01,Toys,10762.0,298828.19
2024-02-01,Apparel,17015.0,712165.05
2024-02-01,Beauty,12785.0,414847.52
2024-02-01,Books,7634.0,113840.79
2024-02-01,Electronics,16623.0,2938185.15
2024-02-01,Groceries,47860.0,400793.04
2024-02-01,Home & Garden,12102.0,776580.05
2024-02-01,Sporting Goods,11092.0,607343.79
2024-02-01,Toys,7933.0,219267.47
2024-03-01,Apparel,18723.0,776532.21
2024-03-01,Beauty,12733.0,403503.25
2024-03-01,Books,8286.0,123106.23
2024-03-01,Electronics,15457.0,2758016.28
2024-03-01,Groceries,49276.0,417052.42
2024-03-01,Home & Garden,16621.0,1072821.19
2024-03-01,Sporting Goods,10618.0,580782.82
2024-03-01,Toys,6105.0,170124.16
2024-04-01,Apparel,17334.0,724198.36
2024-04-01,Beauty,9916.0,318035.35
2024-04-01,Books,8416.0,125897.61
2024-04-01,Electronics,11486.0,2068622.39
2024-04-01,Groceries,43744.0,371040.44
2024-04-01,Home & Garden,17468.0,1122535.62
2024-04-01,Sporting Goods,7902.0,432009.54
2024-04-01,Toys,3108.0,86800.72
2024-05-01,Apparel,20615.0,864847.72
2024-05-01,Beauty,9490.0,305039.27
2024-05-01,Books,9344.0,139806.28
2024-05-01,Electronics,11149.0,1997998.07
2024-05-01,Groceries,45473.0,381725.72
2024-05-01,Home & Garden,18889.0,1223452.34
2024-05-01,Sporting Goods,7083.0,388418.49
2024-05-01,Toys,1218.0,33576.58
2024-06-01,Apparel,24016.0,995586.58
2024-06-01,Beauty,9422.0,297845.75
2024-06-01,Books,10385.0,154313.45
2024-06-01,Electronics,12057.0,2146375.85
2024-06-01,Groceries,42995.0,368195.92
2024-06-01,Home & Garden,18706.0,1224456.46
2024-06-01,Sporting Goods,5881.0,324689.44
2024-06-01,Toys,742.0,20697.88
2024-07-01,Apparel,27083.0,1130308.22
2024-07-01,Beauty,10012.0,319452.73
2024-07-01,Books,11818.0,175949.89
2024-07-01,Electronics,13769.0,2485267.16
2024-07-01,Groceries,44931.0,378136.84
2024-07-01,Home & Garden,17270.0,1111854.63
2024-07-01,Sporting Goods,5767.0,320362.79
2024-07-01,Toys,1638.0,46523.39
2024-08-01,Apparel,37647.0,1569258.46
2024-08-01,Beauty,13194.0,417636.81
2024-08-01,Books,15772.0,235378.67
2024-08-01,Electronics,22469.0,3993806.43
2024-08-01,Groceries,48815.0,414696.37
2024-08-01,Home & Garden,14365.0,930112.08
2024-08-01,Sporting Goods,7262.0,399222.26
2024-08-01,Toys,4253.0,119213.56
2024-09-01,Apparel,30079.0,1257041.14
2024-09-01,Beauty,13501.0,431684.73
2024-09-01,Books,12282.0,180899.39
2024-09-01,Electronics,19623.0,3581904.01
2024-09-01,Groceries,47406.0,402991.66
2024-09-01,Home & Garden,10836.0,692186.85
2024-09-01,Sporting Goods,8340.0,459151.83
2024-09-01,Toys,7032.0,193512.87
2024-10-01,Apparel,29290.0,1228293.09
2024-10-01,Beauty,15883.0,507522.17
2024-10-01,Books,11547.0,174003.69
2024-10-01,Electronics,23873.0,4237186.81
2024-10-01,Groceries,51148.0,429932.75
2024-10-01,Home & Garden,8607.0,558223.68
2024-10-01,Sporting Goods,10689.0,587738.1
2024-10-01,Toys,9813.0,272007.02
2024-11-01,Apparel,29697.0,1232933.86
2024-11-01,Beauty,18480.0,584924.57
2024-11-01,Books,11840.0,176894.44
2024-11-01,Electronics,26435.0,4727605.89
2024-11-01,Groceries,55972.0,478196.03
2024-11-01,Home & Garden,8018.0,520487.51
2024-11-01,Sporting Goods,12714.0,692982.91
2024-11-01,Toys,12437.0,345074.44
2024-12-01,Apparel,26012.0,1098828.01
2024-12-01,Beauty,19343.0,614451.86
2024-12-01,Books,11134.0,165404.34
2024-12-01,Electronics,26742.0,4817955.26
2024-12-01,Groceries,58526.0,496585.85
2024-12-01,Home & Garden,8930.0,587250.96
2024-12-01,Sporting Goods,14317.0,785356.75
2024-12-01,Toys,13649.0,377552.1
2025-01-01,Apparel,21517.0,893312.3
2025-01-01,Beauty,17094.0,550135.32
2025-01-01,Books,8992.0,135222.68
2025-01-01,Electronics,23957.0,4245898.59
2025-01-01,Groceries,54163.0,459139.89
2025-01-01,Home & Garden,10458.0,683579.63
2025-01-01,Sporting Goods,13348.0,726464.42
2025-01-01,Toys,11497.0,319119.2
2025-02-01,Apparel,17792.0,753038.62
2025-02-01,Beauty,14491.0,459278.73
2025-02-01,Books,7740.0,116491.76
2025-02-01,Electronics,19255.0,3444023.08
2025-02-01,Groceries,47496.0,401191.13
2025-02-01,Home & Garden,12520.0,798562.31
2025-02-01,Sporting Goods,11440.0,623485.61
2025-02-01,Toys,8051.0,225839.7
2025-03-01,Apparel,18888.0,798776.52
2025-03-01,Beauty,13416.0,421987.49
2025-03-01,Books,8321.0,123985.16
2025-03-01,Electronics,19011.0,3333674.18
2025-03-01,Groceries,51098.0,432152.64
2025-03-01,Home & Garden,17409.0,1114602.47
2025-03-01,Sporting Goods,11157.0,606614.79
2025-03-01,Toys,6240.0,173971.17
2025-04-01,Apparel,18817.0,798752.13
2025-04-01,Beauty,11352.0,360181.14
2025-04-01,Books,8415.0,126790.63
2025-04-01,Electronics,14986.0,2650432.77
2025-04-01,Groceries,46122.0,389315.37
2025-04-01,Home & Garden,18341.0,1191588.66
2025-04-01,Sporting Goods,8723.0,478939.83
2025-04-01,Toys,3154.0,87949.69
2025-05-01,Apparel,23310.0,970251.28
2025-05-01,Beauty,11086.0,352585.8
2025-05-01,Books,9751.0,147576.56
2025-05-01,Electronics,14003.0,2505260.75
2025-05-01,Groceries,46581.0,398072.71
2025-05-01,Home & Garden,21323.0,1375075.05
2025-05-01,Sporting Goods,7347.0,404416.75
2025-05-01,Toys,1362.0,38469.55
2025-06-01,Apparel,24591.0,1024404.53
2025-06-01,Beauty,10298.0,327793.11
2025-06-01,Books,10479.0,156888.06
2025-06-01,Electronics,13184.0,2365158.02
2025-06-01,Groceries,43821.0,372956.41
2025-06-01,Home & Garden,19562.0,1255701.4
2025-06-01,Sporting Goods,6093.0,334140.44
2025-06-01,Toys,674.0,18902.68
2025-07-01,Apparel,28775.0,1204430.57
2025-07-01,Beauty,11497.0,361150.13
2025-07-01,Books,12158.0,181291.18
2025-07-01,Electronics,16176.0,2906921.68
2025-07-01,Groceries,46602.0,395844.35
2025-07-01,Home & Garden,18099.0,1179600.58
2025-07-01,Sporting Goods,6266.0,338796.42
2025-07-01,Toys,1823.0,50812.76
2025-08-01,Apparel,42137.0,1748733.36
2025-08-01,Beauty,14733.0,465357.19
2025-08-01,Books,16221.0,241802.94
2025-08-01,Electronics,25069.0,4534368.42
2025-08-01,Groceries,51448.0,437249.78
2025-08-01,Home & Garden,15624.0,1019954.41
2025-08-01,Sporting Goods,7572.0,414647.98
2025-08-01,Toys,4314.0,122072.65
2025-09-01,Apparel,32863.0,1369656.96
2025-09-01,Beauty,15398.0,489323.34
2025-09-01,Books,12335.0,181733.73
2025-09-01,Electronics,22954.0,4119076.7
2025-09-01,Groceries,48484.0,408140.73
2025-09-01,Home & Garden,11232.0,724955.01
2025-09-01,Sporting Goods,8788.0,481056.94
2025-09-01,Toys,6879.0,191405.81
2025-10-01,Apparel,34033.0,1410658.97
2025-10-01,Beauty,18256.0,583105.39
2025-10-01,Books,12298.0,184033.55
2025-10-01,Electronics,27168.0,4934469.63
2025-10-01,Groceries,52645.0,446145.46
2025-10-01,Home & Garden,9196.0,589704.74
2025-10-01,Sporting Goods,10970.0,605909.3
2025-10-01,Toys,10560.0,292499.02
2025-11-01,Apparel,31744.0,1319221.99
2025-11-01,Beauty,21252.0,668904.06
2025-11-01,Books,11722.0,175445.65
2025-11-01,Electronics,31350.0,5610743.49
2025-11-01,Groceries,58493.0,500701.62
2025-11-01,Home & Garden,8344.0,540585.87
2025-11-01,Sporting Goods,13813.0,761935.65
2025-11-01,Toys,12840.0,358567.43
2025-12-01,Apparel,27931.0,1172506.94
2025-12-01,Beauty,21622.0,692061.38
2025-12-01,Books,11162.0,168426.54
2025-12-01,Electronics,31280.0,5630730.49
2025-12-01,Groceries,58507.0,496536.99
2025-12-01,Home & Garden,9391.0,607336.84
2025-12-01,Sporting Goods,15505.0,842656.12
2025-12-01,Toys,13967.0,389331.23
